<?xml version="1.0" encoding="UTF-8"?>
<!DOCTYPE configuration PUBLIC 
	"-//mybatis.org//DTD Config 3.0//EN" 
	"http://mybatis.org/dtd/mybatis-3-config.dtd">

<configuration>
	<settings>
		<setting name="cacheEnabled" value="false" />
		<setting name="useGeneratedKeys" value="false" />
		<setting name="mapUnderscoreToCamelCase" value="false" />
	</settings>
	
	<typeAliases>
		<typeAlias type="com.itbank.model.BoardDTO" alias="board" />
		<typeAlias type="com.itbank.model.ReplyDTO" alias="reply" />
		<typeAlias type="com.itbank.model.UserDTO" alias="user"/>
		<typeAlias type="com.itbank.model.UserDonateDTO" alias="userDonate" />
		<typeAlias type="com.itbank.model.SurveyDTO" alias="survey"/>
		<typeAlias type="com.itbank.model.SurveyQuestionDTO" alias="surveyQuestion"/>
		<typeAlias type="com.itbank.model.SurveyExampleDTO" alias="surveyExample"/>
		<typeAlias type="com.itbank.model.NoticeDTO" alias="notice" />
	</typeAliases>
	
</configuration>