<?xml version="1.0" encoding="UTF-8"?>
<beans:beans xmlns="http://www.springframework.org/schema/mvc"
	xmlns:xsi="http://www.w3.org/2001/XMLSchema-instance"
	xmlns:beans="http://www.springframework.org/schema/beans"
	xmlns:context="http://www.springframework.org/schema/context"
	xsi:schemaLocation="http://www.springframework.org/schema/mvc https://www.springframework.org/schema/mvc/spring-mvc.xsd
		http://www.springframework.org/schema/beans https://www.springframework.org/schema/beans/spring-beans.xsd
		http://www.springframework.org/schema/context https://www.springframework.org/schema/context/spring-context.xsd">

	<!-- DispatcherServlet Context: defines this servlet's request-processing infrastructure -->
	
	<!-- Enables the Spring MVC @Controller programming model -->
	<annotation-driven>
		<message-converters>
			<beans:bean class="org.springframework.http.converter.StringHttpMessageConverter">
				<beans:property name="supportedMediaTypes">
					<beans:list>
						<beans:value>text/html; charset=utf-8</beans:value>
					</beans:list>
				</beans:property>
			</beans:bean>
		</message-converters>
	</annotation-driven>

	<!-- Handles HTTP GET requests for /resources/** by efficiently serving up static resources in the ${webappRoot}/resources directory -->
	<resources mapping="/resources/**" location="/resources/" />

	<!-- Resolves views selected for rendering by @Controllers to .jsp resources in the /WEB-INF/views directory -->
	<beans:bean class="org.springframework.web.servlet.view.InternalResourceViewResolver">
		<beans:property name="prefix" value="/WEB-INF/views/" />
		<beans:property name="suffix" value=".jsp" />
	</beans:bean>
	
	<interceptors>
		<interceptor>
			<mapping path="/notice/**" />
			<mapping path="/board/**" />
<!-- 		<mapping path="/user/**" />
			
			<exclude-mapping path="/user/login" />
			<exclude-mapping path="/user/join" />
			<exclude-mapping path="/user/findLoginId" />
			<exclude-mapping path="/user/findLoginPw" /> -->
			
			
			<exclude-mapping path="/board/list" />
			<exclude-mapping path="/board/view/**" />
			
			<exclude-mapping path="/notice/list" />
			<exclude-mapping path="/notice/view/**" />
			
			<beans:bean id="loginInterceptor" class="com.itbank.interceptor.LoginInterceptor" />	
		</interceptor>
		
	</interceptors>
	
	<!-- 요청이 multipart/form-data 형식으로 전달될 때, 파일을 처리할 객체를 스프링 빈으로 등록 -->
	<beans:bean id="multipartResolver"
			    class="org.springframework.web.multipart.commons.CommonsMultipartResolver">
			    
		<beans:property name="maxUploadSize" value="10485760" />			    
		<beans:property name="maxInMemorySize" value="10485760" />			    
		<beans:property name="defaultEncoding" value="utf-8" />			    
	</beans:bean>
	

	<context:component-scan base-package="com.itbank.controller" />
	
</beans:beans>
